Kota Pengirm,Kota Penerima,Layanan,Tarif per Kg,Berat Minimum,Estimasi (Hari)
SUKABUMI,JAKARTA,Darat,"2,500",20,1-2
SUKABUMI,BOGOR,Darat,"3,000",20,2-3
SUKABUMI,CIBINONG,Darat,"3,000",20,2-3
SUKABUMI,GUNUG PUTERI,Darat,"3,000",20,2-3
SUKABUMI,DEPOK,Darat,"2,500",20,2-3
SUKABUMI,TANGERANG,Darat,"2,500",20,2-3
SUKABUMI,BEKASI,Darat,"2,500",20,2-3
SUKABUMI,CIKARANG,Darat,"2,500",20,2-3
SUKABUMI,CIBITUNG,Darat,"3,000",20,2-3
SUKABUMI,SERANG,Darat,"4,500",20,2-3
SUKABUMI,PANDEGLANG,Darat,"5,000",20,2-3
SUKABUMI,RANGKAS BITUNG,Darat,"5,000",20,2-3
SUKABUMI,LABUAN,Darat,"5,000",20,2-3
SUKABUMI,BITUNG,Darat,"5,000",20,2-3
SUKABUMI,CILEGON,Darat,"6,000",20,2-3
SUKABUMI,ANYER,Darat,"6,000",20,2-3
SUKABUMI,MERAK,Darat,"6,000",20,2-3
SUKABUMI,BANDUNG,Darat,"2,500",20,1-2
SUKABUMI,CIMAHI,Darat,"3,000",20,1-2
SUKABUMI,PURWAKARTA,Darat,"4,000",20,1-2
SUKABUMI,CIKOPO,Darat,"4,000",20,1-2
SUKABUMI,KARAWANG,Darat,"4,000",20,1-2
SUKABUMI,CIANJUR,Darat,"2,000",20,1-2
SUKABUMI,SUBANG,Darat,"5,000",20,1-2
SUKABUMI,TASIKMALAYA,Darat,"2,500",20,2-3
SUKABUMI,GARUT,Darat,"3,500",20,2-3
SUKABUMI,CIAMIS,Darat,"4,000",20,2-3
SUKABUMI,BANJAR,Darat,"4,000",20,2-3
SUKABUMI,PURWOKERTO,Darat,"3,000",20,2-3
SUKABUMI,CILACAP,Darat,"3,500",20,2-3
SUKABUMI,PURBALINGGA,Darat,"3,500",20,2-3
SUKABUMI,BANYUMAS,Darat,"4,000",20,2-3
SUKABUMI,MAJENANG,Darat,"4,000",20,2-3
SUKABUMI,AJIBARANG,Darat,"4,500",20,2-3
SUKABUMI,CIREBON,Darat,"2,500",20,1-2
SUKABUMI,INDRAMAYU,Darat,"3,000",20,2-3
SUKABUMI,PALIMANAN,Darat,"3,000",20,2-3
SUKABUMI,KUNINGAN,Darat,"3,000",20,2-3
SUKABUMI,TEGAL GUBUK,Darat,"3,000",20,2-3
SUKABUMI,TEGAL,Darat,"2,500",20,1-2
SUKABUMI,BREBES,Darat,"3,000",20,1-2
SUKABUMI,LOSARI,Darat,"3,000",20,1-2
SUKABUMI,JATI BARANG,Darat,"3,000",20,1-2
SUKABUMI,SLAWI,Darat,"3,000",20,1-2
SUKABUMI,SURADADI,Darat,"3,000",20,1-2
SUKABUMI,LARANGAN,Darat,"3,000",20,1-2
SUKABUMI,PEKALONGAN,Darat,"2,500",20,1-2
SUKABUMI,PEMALANG,Darat,"3,000",20,2-3
SUKABUMI,BATANG,Darat,"3,000",20,2-3
SUKABUMI,SEMARANG,Darat,"3,000",20,1-2
SUKABUMI,UNGARAN,Darat,"3,500",20,2-3
SUKABUMI,BAWEN,Darat,"3,500",20,2-3
SUKABUMI,AMBARAWA,Darat,"3,500",20,2-3
SUKABUMI,SALATIGA,Darat,"3,500",20,2-3
SUKABUMI,KENDAL,Darat,"3,500",20,2-3
SUKABUMI,KUDUS,Darat,"3,500",20,2-3
SUKABUMI,DEMAK,Darat,"4,000",20,2-3
SUKABUMI,JEPARA,Darat,"4,000",20,2-3
SUKABUMI,REMBANG,Darat,"4,000",20,2-3
SUKABUMI,BLORA,Darat,"4,000",20,2-3
SUKABUMI,PATI,Darat,"4,000",20,2-3
SUKABUMI,CEPU,Darat,"4,500",20,2-3
SUKABUMI,PURWODADI,Darat,"4,500",20,2-3
SUKABUMI,SOLO,Darat,"3,000",20,2-3
SUKABUMI,KARANGANYAR,Darat,"3,500",20,2-3
SUKABUMI,SUKOHARJO,Darat,"3,500",20,2-3
SUKABUMI,SRAGEN,Darat,"3,500",20,2-3
SUKABUMI,BOYOLALI,Darat,"3,500",20,2-3
SUKABUMI,WONOGIRI,Darat,"5,000",20,2-3
SUKABUMI,MADIUN,Darat,"5,000",20,3-4
SUKABUMI,MAGETAN,Darat,"5,500",20,3-4
SUKABUMI,NGAWI,Darat,"5,500",20,3-4
SUKABUMI,PONOROGO,Darat,"6,000",20,3-4
SUKABUMI,TRENGGALEK,Darat,"6,500",20,3-4
SUKABUMI,PACITAN,Darat,"7,000",20,3-4
SUKABUMI,JOGJA,Darat,"3,000",20,2-3
SUKABUMI,MAGELANG,Darat,"3,500",20,2-3
SUKABUMI,SLEMAN,Darat,"3,500",20,2-3
SUKABUMI,WONOSARI,Darat,"3,500",20,2-3
SUKABUMI,BANTUL,Darat,"3,500",20,2-3
SUKABUMI,WONOSOBO,Darat,"5,000",20,3-4
SUKABUMI,PURWOREJO,Darat,"5,000",20,3-4
SUKABUMI,KEBUMEN,Darat,"5,000",20,3-4
SUKABUMI,TEMANGGUNG,Darat,"5,000",20,3-4
SUKABUMI,SURABAYA,Darat,"3,500",20,2-3
SUKABUMI,SIDOARJO,Darat,"3,500",20,2-3
SUKABUMI,GRESIK,Darat,"4,000",20,2-3
SUKABUMI,LAMONGAN,Darat,"5,000",20,3-4
SUKABUMI,TUBAN,Darat,"5,000",20,3-4
SUKABUMI,BOJONEGORO,Darat,"5,500",20,3-4
SUKABUMI,BANGKALAN,Darat,"5,000",20,3-4
SUKABUMI,SAMPANG,Darat,"6,000",20,3-4
SUKABUMI,PAMEKASAN,Darat,"6,000",20,3-4
SUKABUMI,SUMENEP,Darat,"6,000",20,3-4
SUKABUMI,KEDIRI,Darat,"4,500",20,3-4
SUKABUMI,TULUNGAGUNG,Darat,"5,500",20,3-4
SUKABUMI,NGANJUK,Darat,"5,500",20,3-4
SUKABUMI,MALANG,Darat,"4,500",20,2-3
SUKABUMI,SINGOSARI,Darat,"4,500",20,2-3
SUKABUMI,TLOGOMAS,Darat,"4,500",20,2-3
SUKABUMI,KEPANJEN,Darat,"5,000",20,3-4
SUKABUMI,BATU,Darat,"5,000",20,3-4
SUKABUMI,JEMBER,Darat,"5,000",20,3-4
SUKABUMI,PROBOLINGGO,Darat,"6,000",20,3-4
SUKABUMI,SITUBONDO,Darat,"6,000",20,3-4
SUKABUMI,BANYUWANGI,Darat,"6,000",20,3-4
SUKABUMI,BLITAR,Darat,"6,000",20,3-4
SUKABUMI,PASURUAN,Darat,"4,500",20,3-4
SUKABUMI,PANDAAN,Darat,"4,500",20,3-4
SUKABUMI,PURWOSARI,Darat,"4,500",20,3-4
SUKABUMI,BANGIL,Darat,"5,000",20,3-4
SUKABUMI,WONOREJO,Darat,"5,000",20,3-4
SUKABUMI,SUKOREJO,Darat,"5,000",20,3-4
SUKABUMI,LUMAJANG,Darat,"5,000",20,3-4
SUKABUMI,BONDOWOSO,Darat,"5,000",20,3-4
SUKABUMI,MOJOKERTO,Darat,"4,500",20,3-4
SUKABUMI,JOMBANG,Darat,"5,500",20,3-4
SUKABUMI,DENPASAR,Darat,"5,000",20,3-4
SUKABUMI,KUTA,Darat,"5,500",20,4-5
SUKABUMI,BADUNG,Darat,"5,500",20,4-5
SUKABUMI,NUSADUA,Darat,"6,000",20,4-5
SUKABUMI,JIMBARAN,Darat,"6,000",20,4-5
SUKABUMI,TABANAN,Darat,"6,500",20,4-5
SUKABUMI,GIANYAR,Darat,"7,000",20,4-5
SUKABUMI,SINGARAJA,Darat,"7,000",20,4-5
SUKABUMI,KINTAMANI,Darat,"7,000",20,4-5
SUKABUMI,BANGLI,Darat,"7,000",20,4-5
SUKABUMI,KARANG ASEM,Darat,"7,000",20,4-5
SUKABUMI,MATARAM,Darat,"7,000",20,4-5
SUKABUMI,GERUNG,Darat,"7,000",20,5-6
SUKABUMI,PRAYA,Darat,"7,500",20,5-6
SUKABUMI,SELONG,Darat,"7,500",20,5-6
SUKABUMI,AIKMAL,Darat,"7,500",20,5-6
SUKABUMI,PEMENANG,Darat,"7,500",20,5-6
SUKABUMI,BANDAR LAMPUNG,Darat,"3,000",20,1-2
SUKABUMI,KOTABUMI,Darat,"6,500",20,3-4
SUKABUMI,BANDAR JAYA,Darat,"6,000",20,3-4
SUKABUMI,METRO,Darat,"6,000",20,3-4
SUKABUMI,KALIANDA,Darat,"7,000",20,3-4
SUKABUMI,PRINGSEWU,Darat,"6,000",20,3-4
SUKABUMI,TENGGAMUS,Darat,"7,000",20,3-4
SUKABUMI,PALEMBANG,Darat,"3,500",20,2-3
SUKABUMI,INDRALAYA,Darat,"7,500",20,3-4
SUKABUMI,KAYU AGUNG,Darat,"8,500",20,3-4
SUKABUMI,PRABUMULIH,Darat,"6,500",20,3-4
SUKABUMI,BATURAJA,Darat,"6,000",20,3-4
SUKABUMI,MUARA ENIM,Darat,"6,000",20,3-4
SUKABUMI,LAHAT,Darat,"6,000",20,3-4
SUKABUMI,TANJUNG ENIM,Darat,"6,000",20,3-4
SUKABUMI,LUBUK LINGGAU,Darat,"6,000",20,3-4
SUKABUMI,TEBING TINGGI,Darat,"6,000",20,3-4
SUKABUMI,CURUP,Darat,"8,500",20,4-5
SUKABUMI,BENGKULU,Darat,"5,500",20,3-4
SUKABUMI,KAUR,Darat,"10,000",20,4-5
SUKABUMI,MANNA,Darat,"8,000",20,4-5
SUKABUMI,MUKOMUKO,Darat,"10,000",20,4-5
SUKABUMI,KETAUN,Darat,"7,500",20,4-5
SUKABUMI,SELUMA,Darat,"7,500",20,4-5
SUKABUMI,JAMBI,Darat,"4,250",20,2-3
SUKABUMI,SANGETI,Darat,"6,000",20,3-4
SUKABUMI,KUALA TUNGKAL,Darat,"6,500",20,3-4
SUKABUMI,BANYU LINCIR,Darat,"6,500",20,3-4
SUKABUMI,TANJUNG JABUNG,Darat,"6,500",20,3-4
SUKABUMI,MERLUNG,Darat,"6,500",20,3-4
SUKABUMI,MUARA BUNGO,Darat,"6,500",20,3-4
SUKABUMI,BANGKO,Darat,"6,500",20,3-4
SUKABUMI,SAROLANGUN,Darat,"6,500",20,3-4
SUKABUMI,SINGKUT,Darat,"6,500",20,3-4
SUKABUMI,DAMASRAYA,Darat,"7,500",20,4-5
SUKABUMI,SUNGAI RUMBAI,Darat,"6,000",20,4-5
SUKABUMI,MUARO TEBO,Darat,"6,500",20,4-5
SUKABUMI,PEKANBARU,Darat,"5,500",20,3-4
SUKABUMI,BANGKINANG,Darat,"7,000",20,3-4
SUKABUMI,UJUNG BATU,Darat,"7,000",20,3-4
SUKABUMI,P. PANGARAIAN,Darat,"7,000",20,3-4
SUKABUMI,P. KERINCI,Darat,"6,000",20,3-4
SUKABUMI,TEMBILAHAN,Darat,"7,000",20,3-4
SUKABUMI,RENGAT,Darat,"6,500",20,3-4
SUKABUMI,BELILAS,Darat,"6,500",20,3-4
SUKABUMI,TELUK KUANTAN,Darat,"7,000",20,3-4
SUKABUMI,PERAWANG,Darat,"7,000",20,3-4
SUKABUMI,LIRIK,Darat,"6,500",20,3-4
SUKABUMI,SIAK,Darat,"7,000",20,3-4
SUKABUMI,AIR MOLEK,Darat,"6,500",20,3-4
SUKABUMI,KISARAN,Darat,"8,000",20,5-6
SUKABUMI,TJ BALAI ASAHAN,Darat,"8,500",20,6-7
SUKABUMI,PEMATANG SIANTAR,Darat,"8,000",20,5-6
SUKABUMI,SIMALUNGUN BAWAH,Darat,"8,500",20,6-7
SUKABUMI,SIMALUNGUN ATAS,Darat,"8,500",20,6-7
SUKABUMI,SIDAMANIK,Darat,"8,500",20,6-7
SUKABUMI,TOBASA,Darat,"9,500",20,6-7
SUKABUMI,BAGAN BATU,Darat,"8,000",20,4-5
SUKABUMI,DURI,Darat,"7,000",20,3-4
SUKABUMI,DUMAI,Darat,"7,000",20,3-4
SUKABUMI,KANDIS,Darat,"7,500",20,4-5
SUKABUMI,RANTAU PRAPAT,Darat,"8,000",20,5-6
SUKABUMI,KOTA PINANG,Darat,"9,000",20,6-7
SUKABUMI,AEKANOVAN,Darat,"9,000",20,6-7
SUKABUMI,AEKNABARA,Darat,"9,000",20,6-7
SUKABUMI,PADANG,Darat,"6,000",20,3-4
SUKABUMI,PARIAMAN,Darat,"7,500",20,4-5
SUKABUMI,SIJUNJUNG,Darat,"7,500",20,4-5
SUKABUMI,SUNGAI PENUH,Darat,"7,500",20,5-6
SUKABUMI,BUKITTINGGI,Darat,"7,500",20,4-5
SUKABUMI,PAYAKUMBUH,Darat,"7,500",20,4-5
SUKABUMI,SOLOK,Darat,"7,500",20,4-5
SUKABUMI,PDG. PANJANG,Darat,"7,500",20,4-5
SUKABUMI,BATU SANGKAR,Darat,"7,500",20,4-5
SUKABUMI,MEDAN,Darat,"6,500",20,4-5
SUKABUMI,SIBOLGA,Darat,"9,500",20,5-6
SUKABUMI,P. SIDEMPUAN,Darat,"9,500",20,5-6
SUKABUMI,KABAN JAHE,Darat,"8,000",20,5-6
SUKABUMI,BINJAI,Darat,"8,000",20,5-6
SUKABUMI,BRASTAGI,Darat,"9,000",20,6-7
SUKABUMI,TAKENGON,Darat,"9,500",20,7-8
SUKABUMI,TAPAK TUAN,Darat,"9,500",20,7-8
SUKABUMI,BANDA ACEH,Darat,"9,000",20,6-7
SUKABUMI,MEULABOH,Darat,"9,500",20,7-8
SUKABUMI,LHOKSEUMAWE,Darat,"9,500",20,7-8
SUKABUMI,LANGSA,Darat,"9,500",20,7-8
SUKABUMI,BIEREUN,Darat,"9,500",20,7-8
SUKABUMI,SIGLI,Darat,"9,500",20,7-8
SUKABUMI,MAKASSAR,Laut,7.000,50,7-6
SUKABUMI,BANTAENG,Laut,10.000,50,9-8
SUKABUMI,BARRU,Laut,10.000,50,9-8
SUKABUMI,BULUKUMBA,Laut,10.000,50,9-8
SUKABUMI,ENREKANG,Laut,10.500,50,9-8
SUKABUMI,GOWA,Laut,10.000,50,9-8
SUKABUMI,JENEPONTO,Laut,10.000,50,9-8
SUKABUMI,MAKALE,Laut,10.500,50,9-8
SUKABUMI,MALILI/SOROAKO,Laut,11.000,50,9-8
SUKABUMI,MAROS,Laut,10.000,50,9-8
SUKABUMI,MASAMBA/LUWU UTARA,Laut,10.500,50,9-8
SUKABUMI,PALOPO,Laut,10.500,50,9-8
SUKABUMI,PANGKEP,Laut,10.000,50,9-8
SUKABUMI,PARE-PARE,Laut,10.000,50,9-8
SUKABUMI,PINRANG,Laut,10.000,50,9-8
SUKABUMI,SELAYAR,Laut,11.500,100,12-10
SUKABUMI,SENGKANG/WAJO,Laut,10.000,50,9-8
SUKABUMI,SIDENRENG RAPPANG,Laut,10.000,50,9-8
SUKABUMI,SINJAI,Laut,10.000,50,9-8
SUKABUMI,BONE,Laut,10.000,50,9-8
SUKABUMI,SOPPENG,Laut,10.000,50,9-8
SUKABUMI,SOROAKO/MALILI,Laut,11.000,50,9-8
SUKABUMI,TAKALAR,Laut,10.000,50,9-8
SUKABUMI,TANAH TORAJA,Laut,10.500,50,9-8
SUKABUMI,GORONTALO,Laut,11.000,50,15-16
SUKABUMI,BOALEMO,Laut,12.000,50,15-16
SUKABUMI,BONE BOLANGO,Laut,12.000,50,15-16
SUKABUMI,GORUT,Laut,12.000,50,15-16
SUKABUMI,KWANDANG,Laut,12.000,50,15-16
SUKABUMI,LIMBOTO,Laut,12.000,50,15-16
SUKABUMI,MARISA,Laut,12.000,50,15-16
SUKABUMI,POHUWATO,Laut,12.000,50,15-16
SUKABUMI,SUWAWA,Laut,12.000,50,15-16
SUKABUMI,TILAMUTA,Laut,12.000,50,15-16
SUKABUMI,PALU,Laut,10.000,50,12-14
SUKABUMI,POSO,Laut,12.000,50,12-14
SUKABUMI,LUWUK,Laut,14.000,50,14-16
SUKABUMI,BANGGAI KEPULAUAN,Laut,22.000,100,14-16
SUKABUMI,BUOL,Laut,14.500,50,14-16
SUKABUMI,DONGGALA,Laut,14.500,50,14-16
SUKABUMI,MOROWALI,Laut,11.500,50,14-16
SUKABUMI,MOUTONG,Laut,12.000,50,14-16
SUKABUMI,TOJO UNA-UNA,Laut,12.000,50,14-16
SUKABUMI,TOLI-TOLI,Laut,16.000,50,14-16
SUKABUMI,SIGI SIGI,Laut,12.000,50,14-16
SUKABUMI,MAMUJU,Laut,10.000,50,12-13
SUKABUMI,MAJENE,Laut,10.500,50,12-13
SUKABUMI,MAMASA,Laut,14.500,50,12-13
SUKABUMI,PASANGKAYU,Laut,10.500,50,12-13
SUKABUMI,POLEWALI MANDAR,Laut,10.500,50,12-13
SUKABUMI,KENDARI,Laut,11.500,50,12-14
SUKABUMI,BAU BAU,Laut,18.000,50,12-14
SUKABUMI,KONAWE,Laut,11.500,50,12-14
SUKABUMI,ANDOLO,Laut,14.500,50,15-17
SUKABUMI,BUTON,Laut,19.000,50,19-22
SUKABUMI,KOLAKA,Laut,11.500,50,19-22
SUKABUMI,KOLAKA UTARA,Laut,11.500,50,19-22
SUKABUMI,LASUSUA,Laut,11.500,50,19-24
SUKABUMI,POMALA,Laut,11.500,50,19-25
SUKABUMI,RAHA,Laut,19.000,50,15-17
SUKABUMI,RUMBIA,Laut,13.000,50,19-22
SUKABUMI,UNAHA,Laut,11.500,50,15-17
SUKABUMI,WAKATOBI,Laut,20.000,50,15-17
SUKABUMI,MANADO,Laut,11.500,50,12-14
SUKABUMI,KOTAMOBAGU,Laut,15.500,100,15-16
SUKABUMI,AIRMADIDI,Laut,12.000,50,15-16
SUKABUMI,AMURANG,Laut,12.000,100,15-16
SUKABUMI,BITUNG,Laut,13.000,50,15-16
SUKABUMI,LANGOAN,Laut,12.000,100,15-16
SUKABUMI,TOMOHON,Laut,12.000,100,15-16
SUKABUMI,TONDANO,Laut,12.000,100,15-16
SUKABUMI,BANJARMASIN,Laut,6.500,50,7-8
SUKABUMI,ASAMASAM,Laut,9.500,50,8-9
SUKABUMI,BANJARBARU,Laut,7.000,50,8-9
SUKABUMI,BATU LICIN,Laut,9.500,50,12-13
SUKABUMI,KUALA MARABAHAN,Laut,11.000,50,10-11
SUKABUMI,BARABAI,Laut,9.500,50,12-13
SUKABUMI,KANDANGAN,Laut,9.500,50,12-13
SUKABUMI,TABALONG,Laut,10.000,50,12-13
SUKABUMI,KOTA BARU,Laut,9.500,50,12-13
SUKABUMI,TANAH LAUT,Laut,8.500,50,12-13
SUKABUMI,RANTAU,Laut,9.500,50,12-13
SUKABUMI,AMUNTAI,Laut,9.500,50,12-13
SUKABUMI,TANAH BUMBU,Laut,10.000,50,12-13
SUKABUMI,MUARA TEWEH,Laut,13.000,50,12-13
SUKABUMI,BUNTOK,Laut,13.000,50,12-13
SUKABUMI,BALANGAN,Laut,12.000,50,12-13
SUKABUMI,PONTIANAK,Laut,6.000,50,10-11
SUKABUMI,SINTANG,Laut,9.500,50,10-11
SUKABUMI,SINGKAWANG,Laut,8.500,50,10-11
SUKABUMI,BENGKAYANG,Laut,10.000,50,13-15
SUKABUMI,ENTIKONG,Laut,12.000,50,16-19
SUKABUMI,KAYONG UTARA,Laut,12.000,50,16-19
SUKABUMI,KUBU RAYA,Laut,6.000,50,13-15
SUKABUMI,KETAPANG,Laut,9.500,50,13-15
SUKABUMI,LANDAK/NGABANG,Laut,10.000,50,13-15
SUKABUMI,MEMPAWAH SUNGAI PENYUH,Laut,8.000,50,13-15
SUKABUMI,NANGA PINOH,Laut,12.000,50,16-19
SUKABUMI,NGABANG,Laut,12.000,50,13-15
SUKABUMI,PEMANGKAT,Laut,11.000,50,13-15
SUKABUMI,PUTUSIBAU,Laut,13.000,50,16-19
SUKABUMI,SAMBAS,Laut,10.000,50,13-15
SUKABUMI,SANGGAU,Laut,9.000,50,13-15
SUKABUMI,SAKADAU,Laut,10.000,50,13-15
SUKABUMI,SIANTAN,Laut,8.500,50,13-15
SUKABUMI,BALIKPAPAN,Laut,7.500,50,7-9
SUKABUMI,SAMARINDA,Laut,8.000,50,7-9
SUKABUMI,TENGGARONG,Laut,10.500,50,12-13
SUKABUMI,BONTANG,Laut,11.500,50,10-11
SUKABUMI,SANGATA,Laut,12.000,50,10-11
SUKABUMI,PENAJAM,Laut,16.000,50,12-14
SUKABUMI,TANAH GROGOT,Laut,18.000,50,12-13
SUKABUMI,TARAKAN,Laut,18.000,50,10-11
SUKABUMI,NUNUKAN,Laut,25.000,100,10-12
SUKABUMI,MALINAU,Laut,21.000,100,22-25
SUKABUMI,TANJUNG REDEB,Laut,13.000,100,10-11
SUKABUMI,TANJUNG SELOR,Laut,14.000,100,10-11
SUKABUMI,BERAU,Laut,13.000,100,10-11
SUKABUMI,MELAK,Laut,16.500,100,12-13
SUKABUMI,PALARAN,Laut,9.000,50,12-13